GEO.id,GEO.id2,District,Clinton,Trump,Insured,Income,Poverty,Bach,Wbach,Gini,NoComp,PresMargin,Special
5001400US0101,101,"Congressional District 1 (114th Congress), Alabama",34.1,63.5,85.8,44309,18.3,15.2,26.2,0.4693,22.7,-29.4,
5001400US0102,102,"Congressional District 2 (114th Congress), Alabama",33,64.9,87.5,42645,19.5,13.5,24.1,0.4618,19.8,-31.9,
5001400US0103,103,"Congressional District 3 (114th Congress), Alabama",32.3,65.3,88.2,41695,20.4,12.5,22.3,0.4689,19.1,-33,
5001400US0104,104,"Congressional District 4 (114th Congress), Alabama",17.4,80.4,86.4,39147,19.2,9.7,16.5,0.4586,20.5,-63,
5001400US0105,105,"Congressional District 5 (114th Congress), Alabama",31.3,64.7,87.4,50392,15.1,18.8,31.3,0.4692,14.7,-33.4,
5001400US0106,106,"Congressional District 6 (114th Congress), Alabama",26.1,70.8,90.5,59659,11,21.4,36.3,0.4599,13,-44.7,
5001400US0107,107,"Congressional District 7 (114th Congress), Alabama",69.8,28.6,85.4,32245,28.8,12,26.9,0.4943,24.9,41.2,
5001400US0200,200,"Congressional District (at Large) (114th Congress), Alaska",37.6,52.8,81.8,72515,10.2,17.9,33.6,0.4181,7.6,-15.2,
5001400US0401,401,"Congressional District 1 (114th Congress), Arizona",46.6,47.7,84.4,47531,21.9,14.3,32.6,0.4595,18.4,-1.1,
5001400US0402,402,"Congressional District 2 (114th Congress), Arizona",49.6,44.7,88.6,47507,16.3,18.8,37.6,0.4697,10.8,4.9,
5001400US0403,403,"Congressional District 3 (114th Congress), Arizona",62.4,32.5,80.5,41293,24.5,10.1,25.2,0.4409,14.2,29.9,
5001400US0404,404,"Congressional District 4 (114th Congress), Arizona",27.5,67.7,86.8,44345,16.4,11.7,19.6,0.429,14.3,-40.2,
5001400US0405,405,"Congressional District 5 (114th Congress), Arizona",36.5,57.6,90.2,66620,9.5,22.4,35.7,0.4218,7.5,-21.1,
5001400US0406,406,"Congressional District 6 (114th Congress), Arizona",42.4,52.4,87.8,62482,12.5,25.7,44.4,0.4983,7.2,-10,
5001400US0407,407,"Congressional District 7 (114th Congress), Arizona",71.8,22.6,73,34186,34.6,9.2,27.3,0.4658,22.6,49.2,
5001400US0408,408,"Congressional District 8 (114th Congress), Arizona",37,58.1,90.2,59256,9.7,18.2,29.8,0.4085,9.5,-21.1,
5001400US0409,409,"Congressional District 9 (114th Congress), Arizona",54.7,38.4,83.2,50832,18.8,22.5,42.5,0.4768,10.1,16.3,
5001400US0501,501,"Congressional District 1 (114th Congress), Arkansas",30.2,65,85.6,36928,21.4,10.2,16.8,0.4606,22.1,-34.8,
5001400US0502,502,"Congressional District 2 (114th Congress), Arkansas",41.7,52.4,87,47206,16.3,17.8,30.2,0.466,14.9,-10.7,
5001400US0503,503,"Congressional District 3 (114th Congress), Arkansas",30.5,61.9,85.5,45185,17.9,16,26.8,0.4741,14,-31.4,
5001400US0504,504,"Congressional District 4 (114th Congress), Arkansas",31.3,64.2,85.3,37037,21.7,10.5,17.1,0.4641,24,-32.9,
5001400US0601,601,"Congressional District 1 (114th Congress), California",36.5,56.2,87,45741,18.5,15.2,24.6,0.4612,15.3,-19.7,
5001400US0602,602,"Congressional District 2 (114th Congress), California",69,23.3,88.8,62964,13.3,23.8,43.9,0.5274,10.1,45.7,
5001400US0603,603,"Congressional District 3 (114th Congress), California",53,40.4,88,56306,17.2,14.8,28.1,0.4545,10.3,12.6,
5001400US0604,604,"Congressional District 4 (114th Congress), California",39.3,54,90.7,66547,10.4,21.1,32.8,0.4522,9,-14.7,
5001400US0605,605,"Congressional District 5 (114th Congress), California",69.2,24.3,88,64524,12.7,20.4,35.8,0.4548,9.2,44.9,
5001400US0606,606,"Congressional District 6 (114th Congress), California",69.2,24.4,85.9,47433,22.9,17.2,34.3,0.4681,9.3,44.8,
5001400US0607,607,"Congressional District 7 (114th Congress), California",52.3,40.9,89.9,65159,13.5,21.4,34.2,0.4367,7.2,11.4,
5001400US0608,608,"Congressional District 8 (114th Congress), California",39.6,54.7,85.7,46927,21.8,9.6,19.4,0.4471,13.3,-15.1,
5001400US0609,609,"Congressional District 9 (114th Congress), California",56.6,38,86.4,55958,18.4,13.6,25,0.4525,13.3,18.6,
5001400US0610,610,"Congressional District 10 (114th Congress), California",48.5,45.5,86.9,54111,17.6,11.9,21.4,0.4379,11.8,3,
5001400US0611,611,"Congressional District 11 (114th Congress), California",71.5,22.7,89.2,75633,12.2,25.9,53.2,0.4926,7.4,48.8,
5001400US0612,612,"Congressional District 12 (114th Congress), California",86.2,8.7,91.6,81189,13.3,33.4,73.6,0.5233,9.7,77.5,
5001400US0613,613,"Congressional District 13 (114th Congress), California",87.4,6.8,88.5,61663,17.5,25,68,0.5131,8.8,80.6,
5001400US0614,614,"Congressional District 14 (114th Congress), California",76.9,18.2,91.1,89241,8.6,27.1,53.2,0.4664,6.6,58.7,
5001400US0615,615,"Congressional District 15 (114th Congress), California",69.9,24.2,91.4,92311,8.2,26.1,43.5,0.4255,5,45.7,
5001400US0616,616,"Congressional District 16 (114th Congress), California",58,36.4,81.9,37291,31.4,8.2,20.1,0.4643,16.2,21.6,
5001400US0617,617,"Congressional District 17 (114th Congress), California",73.9,20.5,92.3,102886,7.5,28.2,48.5,0.4175,4.9,53.4,
5001400US0618,618,"Congressional District 18 (114th Congress), California",73.4,20.2,92.9,107319,7.2,29.6,62.7,0.4995,4.5,53.2,
5001400US0619,619,"Congressional District 19 (114th Congress), California",72.9,21.5,88.3,81193,12.5,21,45.7,0.46,7.1,51.4,
5001400US0620,620,"Congressional District 20 (114th Congress), California",70.4,23.2,83.7,60807,16.6,16.4,43.3,0.461,13.5,47.2,
5001400US0621,621,"Congressional District 21 (114th Congress), California",55.2,39.7,79,37950,31.1,5.9,17.1,0.4483,25.6,15.5,
5001400US0622,622,"Congressional District 22 (114th Congress), California",42.6,52.1,86.1,52897,20.8,15.6,31.6,0.4584,13.4,-9.5,
5001400US0623,623,"Congressional District 23 (114th Congress), California",36.1,58.1,87.2,55574,19.3,12.7,23,0.4534,14.7,-22,
5001400US0624,624,"Congressional District 24 (114th Congress), California",56.7,36.5,85.7,62276,15.7,19.9,42.3,0.4712,9.4,20.2,
5001400US0625,625,"Congressional District 25 (114th Congress), California",50.3,43.6,87.8,72342,14,18.1,32,0.4421,10.4,6.7,
5001400US0626,626,"Congressional District 26 (114th Congress), California",57.9,36,85.7,76002,11.8,19.8,42.9,0.4492,10.1,21.9,
5001400US0627,627,"Congressional District 27 (114th Congress), California",66,28.4,87,68755,12.8,24.6,53.1,0.483,8.7,37.6,
5001400US0628,628,"Congressional District 28 (114th Congress), California",72.1,22.3,83,56103,15.5,29.1,48.6,0.5246,10.8,49.8,
5001400US0629,629,"Congressional District 29 (114th Congress), California",77.7,16.8,76.2,47073,22.1,14.4,33.9,0.4386,16.1,60.9,
5001400US0630,630,"Congressional District 30 (114th Congress), California",69.1,25.7,85.5,70750,12.3,27.3,48.5,0.4898,6.6,43.4,
5001400US0631,631,"Congressional District 31 (114th Congress), California",57.7,36.6,83.8,53700,20.4,14.2,31.4,0.4535,11.3,21.1,
5001400US0632,632,"Congressional District 32 (114th Congress), California",66.6,27.7,81.6,59558,14.5,14.2,29.1,0.4183,12,38.9,
5001400US0633,633,"Congressional District 33 (114th Congress), California",67.8,26.5,92.9,96398,9.1,35.7,65.4,0.5339,4.5,41.3,
5001400US0634,634,"Congressional District 34 (114th Congress), California",83.6,10.7,70.8,35836,28.6,16.6,54.4,0.4981,17.2,72.9,85.83
5001400US0635,635,"Congressional District 35 (114th Congress), California",67.7,26.9,79.1,54748,18.5,10.6,21.8,0.4052,11.6,40.8,
5001400US0636,636,"Congressional District 36 (114th Congress), California",52.2,43.4,81.9,45295,20.8,12.6,29.1,0.4922,16.4,8.8,
5001400US0637,637,"Congressional District 37 (114th Congress), California",85.7,9.6,81,50191,21.6,22.5,64.5,0.5309,11.3,76.1,
5001400US0638,638,"Congressional District 38 (114th Congress), California",67,27.4,82.8,61842,12.6,14.7,25.5,0.4201,12.2,39.6,
5001400US0639,639,"Congressional District 39 (114th Congress), California",51.5,42.9,86.6,79814,10.4,26.5,39.7,0.4341,5.2,8.6,
5001400US0640,640,"Congressional District 40 (114th Congress), California",82.2,12.8,72.5,40385,27.8,6.7,20.9,0.4305,18.4,69.4,
5001400US0641,641,"Congressional District 41 (114th Congress), California",61,33.1,80,54917,20,10.6,26.2,0.4222,9.1,27.9,
5001400US0642,642,"Congressional District 42 (114th Congress), California",41.4,53.4,86.7,72324,10.9,15.9,26.7,0.4028,7.1,-12,
5001400US0643,643,"Congressional District 43 (114th Congress), California",78.4,16.7,80.6,48781,21,16.7,40.4,0.4683,13.6,61.7,
5001400US0644,644,"Congressional District 44 (114th Congress), California",83,12.3,77.6,46448,23.6,8.7,26.4,0.4345,16.8,70.7,
5001400US0645,645,"Congressional District 45 (114th Congress), California",49.8,44.4,91.1,92378,8.9,31.9,52.8,0.4425,5.1,5.4,
5001400US0646,646,"Congressional District 46 (114th Congress), California",66.3,27.9,76.4,55172,19.7,12.7,28.8,0.4204,11.1,38.4,
5001400US0647,647,"Congressional District 47 (114th Congress), California",62.6,31,84.5,58674,17.6,19.8,40.1,0.4616,10.7,31.6,
5001400US0648,648,"Congressional District 48 (114th Congress), California",47.9,46.2,88.3,81680,10.7,27.8,49.8,0.491,7.8,1.7,
5001400US0649,649,"Congressional District 49 (114th Congress), California",50.7,43.2,88.1,74916,11.2,25.6,49,0.4885,5.1,7.5,
5001400US0650,650,"Congressional District 50 (114th Congress), California",39.6,54.6,85.3,62468,13.9,17.5,30.5,0.438,8.6,-15,
5001400US0651,651,"Congressional District 51 (114th Congress), California",71.8,22.8,78.2,41357,24.2,9.8,23.7,0.4447,18.4,49,
5001400US0652,652,"Congressional District 52 (114th Congress), California",58.1,35.6,91.7,84054,9.6,32.1,59.8,0.4576,4.5,22.5,
5001400US0653,653,"Congressional District 53 (114th Congress), California",64.5,29.6,86.2,63458,13.6,23,44,0.4279,6.8,34.9,
5001400US0801,801,"Congressional District 1 (114th Congress), Colorado",69,23.2,86.2,55945,16.1,27.3,58,0.5003,9.8,45.8,
5001400US0802,802,"Congressional District 2 (114th Congress), Colorado",56.2,34.9,90.9,69304,11.9,31.1,55,0.4666,4.3,21.3,
5001400US0803,803,"Congressional District 3 (114th Congress), Colorado",40,52,84.5,49013,15.8,19.8,35.1,0.4607,13.5,-12,
5001400US0804,804,"Congressional District 4 (114th Congress), Colorado",34.3,57.4,89.3,66030,11.1,22,37.3,0.4468,9.4,-23.1,
5001400US0805,805,"Congressional District 5 (114th Congress), Colorado",33.2,57.2,88.9,56622,11.8,20.9,37.8,0.4411,7.9,-24,
5001400US0806,806,"Congressional District 6 (114th Congress), Colorado",50.2,41.3,87.4,69909,10.4,26.8,48,0.442,5.9,8.9,
5001400US0807,807,"Congressional District 7 (114th Congress), Colorado",51.4,39.4,86.5,60874,11.6,20.3,37,0.4191,8.9,12,
5001400US0901,901,"Congressional District 1 (114th Congress), Connecticut",59.4,36.3,92.9,66349,11.8,20.3,40.6,0.462,12.8,23.1,
5001400US0902,902,"Congressional District 2 (114th Congress), Connecticut",48.7,45.8,94.3,71458,8.5,18.9,35.2,0.4315,10.5,2.9,
5001400US0903,903,"Congressional District 3 (114th Congress), Connecticut",55.9,40.4,92.7,62939,11.8,19.1,38.1,0.4614,13,15.5,
5001400US0904,904,"Congressional District 4 (114th Congress), Connecticut",59.6,36.6,89.2,86773,9.3,26.8,58.3,0.5571,8.8,23,
5001400US0905,905,"Congressional District 5 (114th Congress), Connecticut",49.9,45.8,91.6,67805,11.2,19.7,39.2,0.4723,11.9,4.1,
5001400US1000,1000,"Congressional District (at Large) (114th Congress), Delaware",53.4,41.9,91.8,60509,12,17.8,32,0.4462,12.7,11.5,
5001400US1198,1198,"Delegate District (at Large) (114th Congress), District of Columbia",,,94.2,70848,18,23.3,90.5,0.5317,10.7,0,
5001400US1201,1201,"Congressional District 1 (114th Congress), Florida",28.2,67.5,85.5,50667,14.6,17.1,28.2,0.4445,11.2,-39.3,
5001400US1202,1202,"Congressional District 2 (114th Congress), Florida",30.6,66.2,85.7,43919,19.9,16.2,29.3,0.4663,15.1,-35.6,
5001400US1203,1203,"Congressional District 3 (114th Congress), Florida",40.2,56.2,85.3,45878,18.9,14.7,24.7,0.468,13.6,-16,
5001400US1204,1204,"Congressional District 4 (114th Congress), Florida",34.1,62.1,86.1,55936,12,20.6,31.5,0.4563,9.3,-28,
5001400US1205,1205,"Congressional District 5 (114th Congress), Florida",61.3,35.9,79,33528,27.4,11.5,21.1,0.4611,18.8,25.4,
5001400US1206,1206,"Congressional District 6 (114th Congress), Florida",39.9,56.9,85,46388,15.8,17.8,28.5,0.4921,12.3,-17,
5001400US1207,1207,"Congressional District 7 (114th Congress), Florida",51.4,44.1,84.7,53438,13.4,22.4,36.3,0.4713,6.6,7.3,
5001400US1208,1208,"Congressional District 8 (114th Congress), Florida",37.7,58.4,84.8,48311,14.1,16.7,28.4,0.4677,10.8,-20.7,
5001400US1209,1209,"Congressional District 9 (114th Congress), Florida",54.8,41.9,78.8,45735,18.4,16.5,29.2,0.4304,12.7,12.9,
5001400US1210,1210,"Congressional District 10 (114th Congress), Florida",61.8,34.9,83.9,51038,13.9,19.5,30.6,0.4698,9.1,26.9,
5001400US1211,1211,"Congressional District 11 (114th Congress), Florida",32.5,64.8,85.5,41316,16.3,12.1,19.5,0.4356,14.5,-32.3,
5001400US1212,1212,"Congressional District 12 (114th Congress), Florida",38.8,57.4,87.1,50571,12.1,18,26.8,0.4652,10.9,-18.6,
5001400US1213,1213,"Congressional District 13 (114th Congress), Florida",49.6,46.4,84.4,45762,13.9,18.5,29.3,0.4818,14,3.2,
5001400US1214,1214,"Congressional District 14 (114th Congress), Florida",57.2,39,81.2,41713,22,17.3,36.9,0.5024,14.6,18.2,
5001400US1215,1215,"Congressional District 15 (114th Congress), Florida",43.1,53.1,85.1,50782,15.5,17.6,27.8,0.4525,10.6,-10,
5001400US1216,1216,"Congressional District 16 (114th Congress), Florida",43,53.7,84.7,50870,12.9,18.3,32.9,0.4743,12.4,-10.7,
5001400US1217,1217,"Congressional District 17 (114th Congress), Florida",35,62.2,82.4,43025,16.9,12,20.1,0.4429,16.3,-27.2,
5001400US1218,1218,"Congressional District 18 (114th Congress), Florida",44.1,53.3,84.9,52384,13.2,18.6,32.8,0.5042,10.1,-9.2,
5001400US1219,1219,"Congressional District 19 (114th Congress), Florida",37.5,59.6,82.6,51510,14.8,18.6,34.9,0.5137,9,-22.1,
5001400US1220,1220,"Congressional District 20 (114th Congress), Florida",80.2,18.1,74.3,38517,23.4,12.6,25.3,0.4376,16.3,62.1,
5001400US1221,1221,"Congressional District 21 (114th Congress), Florida",58.6,39.1,84.1,56980,10.8,22.3,38.1,0.4784,8.6,19.5,
5001400US1222,1222,"Congressional District 22 (114th Congress), Florida",56.8,41,81.3,54589,14.8,23.5,42.9,0.53,9.4,15.8,
5001400US1223,1223,"Congressional District 23 (114th Congress), Florida",61.9,35.8,81.6,54018,13.3,22.5,41.8,0.5242,9.8,26.1,
5001400US1224,1224,"Congressional District 24 (114th Congress), Florida",83,15.3,72,37700,25.1,13.4,39.5,0.4969,19.2,67.7,
5001400US1225,1225,"Congressional District 25 (114th Congress), Florida",47.9,49.6,74.3,49510,17.5,16.8,33.6,0.4628,13.4,-1.7,
5001400US1226,1226,"Congressional District 26 (114th Congress), Florida",56.7,40.6,76.9,52115,15.6,18.4,36,0.4516,10.3,16.1,
5001400US1227,1227,"Congressional District 27 (114th Congress), Florida",58.6,38.9,75.3,42405,20.5,17.5,55.5,0.5674,20.2,19.7,
5001400US1301,1301,"Congressional District 1 (114th Congress), Georgia",40.9,56.4,82.5,46243,18.7,15.3,27.5,0.4572,14,-15.5,
5001400US1302,1302,"Congressional District 2 (114th Congress), Georgia",55,43.3,81.4,34505,27.6,10.2,22.1,0.4964,25.1,11.7,
5001400US1303,1303,"Congressional District 3 (114th Congress), Georgia",32.8,64.3,86,52082,16,15.8,26.8,0.4584,14.4,-31.5,
5001400US1304,1304,"Congressional District 4 (114th Congress), Georgia",75.3,22.2,80.3,49343,19,18.9,37.4,0.4338,7.1,53.1,
5001400US1305,1305,"Congressional District 5 (114th Congress), Georgia",85,11.9,81.2,44174,24.7,22.9,68.6,0.5407,12.4,73.1,
5001400US1306,1306,"Congressional District 6 (114th Congress), Georgia",46.8,48.3,86.3,79997,9.7,36.4,64.3,0.4753,4.9,-1.5,-3.74
5001400US1307,1307,"Congressional District 7 (114th Congress), Georgia",44.8,51.1,82.1,64882,12,26.4,44.4,0.4355,4.6,-6.3,
5001400US1308,1308,"Congressional District 8 (114th Congress), Georgia",34.4,63.3,81.8,40812,22.3,11.5,22.7,0.4712,20.7,-28.9,
5001400US1309,1309,"Congressional District 9 (114th Congress), Georgia",19.3,77.8,82.2,46049,18,13.2,23.1,0.4543,18.3,-58.5,
5001400US1310,1310,"Congressional District 10 (114th Congress), Georgia",35.8,61.3,85.5,47610,19.4,14.4,28.1,0.4654,15.5,-25.5,
5001400US1311,1311,"Congressional District 11 (114th Congress), Georgia",35.3,60.3,84.1,63549,12,25.6,41.3,0.4777,6.6,-25,
5001400US1312,1312,"Congressional District 12 (114th Congress), Georgia",40.7,56.9,83.1,40684,23.3,12.4,24,0.4841,21,-16.2,
5001400US1313,1313,"Congressional District 13 (114th Congress), Georgia",71,26.6,81,51218,18.8,17.9,26.1,0.4299,7.4,44.4,
5001400US1314,1314,"Congressional District 14 (114th Congress), Georgia",22.1,75,82.8,45342,17.6,10.4,17.3,0.4403,15.7,-52.9,
5001400US1501,1501,"Congressional District 1 (114th Congress), Hawaii",63.1,30.5,95,73598,9.2,22.4,49,0.423,10.5,32.6,
5001400US1502,1502,"Congressional District 2 (114th Congress), Hawaii",61.4,29.6,93.1,65239,13.3,18.2,39.7,0.4405,11.4,31.8,
5001400US1601,1601,"Congressional District 1 (114th Congress), Idaho",25.4,63.7,85.4,48617,14.9,17,25.6,0.4339,12.4,-38.3,
5001400US1602,1602,"Congressional District 2 (114th Congress), Idaho",29.8,54.5,85.2,46551,16.1,18.5,29.6,0.4498,9.2,-24.7,
5001400US1701,1701,"Congressional District 1 (114th Congress), Illinois",75.4,21.4,88.3,48989,19.6,16.1,35.6,0.4778,18.4,54,
5001400US1702,1702,"Congressional District 2 (114th Congress), Illinois",78,19.1,86.6,45412,21,13.6,24.3,0.4642,19.6,58.9,
5001400US1703,1703,"Congressional District 3 (114th Congress), Illinois",55.2,39.9,87.4,61300,12,16.4,30.4,0.4387,13.7,15.3,
5001400US1704,1704,"Congressional District 4 (114th Congress), Illinois",82.1,13.2,75.7,44049,21.8,13.8,43,0.4475,18.6,68.9,
5001400US1705,1705,"Congressional District 5 (114th Congress), Illinois",70.5,23.9,88.6,70734,10.4,31,57.2,0.4961,10.4,46.6,
5001400US1706,1706,"Congressional District 6 (114th Congress), Illinois",50.2,43.2,93.9,91507,5.8,30.4,51.4,0.4491,7.5,7,
5001400US1707,1707,"Congressional District 7 (114th Congress), Illinois",87.4,9.2,85.8,50096,25.8,21.4,72.6,0.5678,16.5,78.2,
5001400US1708,1708,"Congressional District 8 (114th Congress), Illinois",58.1,36.4,86.7,65222,10.2,22.3,34.8,0.407,9.3,21.7,
5001400US1709,1709,"Congressional District 9 (114th Congress), Illinois",70.1,24.9,89.3,64475,12.2,29.5,57.1,0.5136,11.7,45.2,
5001400US1710,1710,"Congressional District 10 (114th Congress), Illinois",62,32.6,88.6,71958,10.3,25.3,50.3,0.4979,7.8,29.4,
5001400US1711,1711,"Congressional District 11 (114th Congress), Illinois",58.9,35.4,88.6,68154,11,21.6,40.7,0.4254,9.1,23.5,
5001400US1712,1712,"Congressional District 12 (114th Congress), Illinois",40.2,55,90.4,45018,18.4,13.5,22.6,0.4623,18.1,-14.8,
5001400US1713,1713,"Congressional District 13 (114th Congress), Illinois",44.2,49.7,91.8,48127,18.9,17.8,29.5,0.471,13.3,-5.5,
5001400US1714,1714,"Congressional District 14 (114th Congress), Illinois",44.8,48.7,93.5,84049,6.5,24.4,39.8,0.4097,5.6,-3.9,
5001400US1715,1715,"Congressional District 15 (114th Congress), Illinois",24.5,70.7,91.1,47971,14.6,12.4,18.7,0.4348,19.9,-46.2,
5001400US1716,1716,"Congressional District 16 (114th Congress), Illinois",38.3,55.5,91.5,54976,12.2,13.6,21.6,0.4246,13.4,-17.2,
5001400US1717,1717,"Congressional District 17 (114th Congress), Illinois",46.7,47.4,90.4,44116,17.8,12,19.3,0.4385,18.9,-0.7,
5001400US1718,1718,"Congressional District 18 (114th Congress), Illinois",33.3,60.6,93.7,60016,10.2,20.5,30.5,0.4343,14.2,-27.3,
5001400US1801,1801,"Congressional District 1 (114th Congress), Indiana",54.1,41.5,87.4,52131,16.7,14.2,24,0.4445,15.1,12.6,
5001400US1802,1802,"Congressional District 2 (114th Congress), Indiana",36.1,59.3,85.4,46905,16,13.2,21.9,0.4371,17,-23.2,
5001400US1803,1803,"Congressional District 3 (114th Congress), Indiana",30.1,65.1,85.1,49315,14.1,14.2,22.7,0.4322,14.1,-35,
5001400US1804,1804,"Congressional District 4 (114th Congress), Indiana",30.2,64.3,88.8,51957,13.4,15.5,23.8,0.4249,11.6,-34.1,
5001400US1805,1805,"Congressional District 5 (114th Congress), Indiana",41.3,53.1,90.5,62804,9.6,27.1,44.1,0.4716,9.2,-11.8,
5001400US1806,1806,"Congressional District 6 (114th Congress), Indiana",27.4,67.7,87.7,47178,15,12.2,19,0.4307,15.3,-40.3,
5001400US1807,1807,"Congressional District 7 (114th Congress), Indiana",59,36.2,83.2,38600,23.9,14.4,25.5,0.4583,20.4,22.8,
5001400US1808,1808,"Congressional District 8 (114th Congress), Indiana",30.9,64.6,88.1,46641,14.8,12.3,19.4,0.438,18.1,-33.7,
5001400US1809,1809,"Congressional District 9 (114th Congress), Indiana",34.2,61.1,88.5,50717,14.7,15,24.1,0.4397,14.4,-26.9,
5001400US1901,1901,"Congressional District 1 (114th Congress), Iowa",45.2,48.7,93.4,54028,11.3,17.1,25.5,0.4243,14.6,-3.5,
5001400US1902,1902,"Congressional District 2 (114th Congress), Iowa",45,49.1,91.9,51261,14.1,17.3,27.2,0.444,15.4,-4.1,
5001400US1903,1903,"Congressional District 3 (114th Congress), Iowa",45,48.5,92.9,58545,11.8,22.4,32.8,0.4431,11.5,-3.5,
5001400US1904,1904,"Congressional District 4 (114th Congress), Iowa",33.5,60.9,92.5,49790,12.8,15.7,23.1,0.4369,16,-27.4,
5001400US2001,2001,"Congressional District 1 (114th Congress), Kansas",24.3,69.3,88.8,46957,14.3,15.6,25.6,0.4317,14.6,-45,
5001400US2002,2002,"Congressional District 2 (114th Congress), Kansas",37.4,55.8,89.2,48818,15.7,16.7,28.1,0.4409,15.7,-18.4,
5001400US2003,2003,"Congressional District 3 (114th Congress), Kansas",47.2,46,89.5,66525,10,28.7,50,0.4636,8.4,1.2,
5001400US2004,2004,"Congressional District 4 (114th Congress), Kansas",33,60.2,87.6,50644,14.5,18.6,30.1,0.4419,17.4,-27.2,-6.77
5001400US2101,2101,"Congressional District 1 (114th Congress), Kentucky",23.9,72.4,87.4,39108,19.7,9,15.9,0.4554,22,-48.5,
5001400US2102,2102,"Congressional District 2 (114th Congress), Kentucky",27.6,67.5,89.5,45631,16.9,11,18.9,0.4432,16.2,-39.9,
5001400US2103,2103,"Congressional District 3 (114th Congress), Kentucky",54.9,39.9,89.2,47714,16.8,17.9,33.7,0.481,16,15,
5001400US2104,2104,"Congressional District 4 (114th Congress), Kentucky",29.3,65.2,90.1,55540,13.9,16.3,26.2,0.4525,13.8,-35.9,
5001400US2105,2105,"Congressional District 5 (114th Congress), Kentucky",17.5,79.6,86.9,31162,27.7,6.5,12.3,0.4779,27.1,-62.1,
5001400US2106,2106,"Congressional District 6 (114th Congress), Kentucky",39.4,54.7,88.6,46883,18.9,17.6,30.9,0.4766,12.6,-15.3,
5001400US2201,2201,"Congressional District 1 (114th Congress), Louisiana",26.7,68.7,86.1,54545,14.3,18.4,30.9,0.4766,13.1,-42,
5001400US2202,2202,"Congressional District 2 (114th Congress), Louisiana",74.6,22.2,82.7,36603,25.8,13.7,34.4,0.5085,22.3,52.4,
5001400US2203,2203,"Congressional District 3 (114th Congress), Louisiana",29.2,67.3,84.6,46157,17.9,13.9,22.6,0.4822,17.9,-38.1,
5001400US2204,2204,"Congressional District 4 (114th Congress), Louisiana",36.6,60.6,84.6,41345,21.1,12.7,22.9,0.4861,24.1,-24,
5001400US2205,2205,"Congressional District 5 (114th Congress), Louisiana",34.1,63.5,81.1,35354,25.2,11.1,20,0.4936,27.6,-29.4,
5001400US2206,2206,"Congressional District 6 (114th Congress), Louisiana",31,64.8,87.7,57884,14.9,19,30.1,0.4522,11.2,-33.8,
5001400US2301,2301,"Congressional District 1 (114th Congress), Maine",54.1,39.3,90.9,55468,11.5,22.8,35.8,0.4524,10.6,14.8,
5001400US2302,2302,"Congressional District 2 (114th Congress), Maine",41.1,51.4,89,43404,16.4,14.5,22.3,0.4397,15.7,-10.3,
5001400US2401,2401,"Congressional District 1 (114th Congress), Maryland",33.4,62,92.9,69077,9.8,17.9,31.6,0.435,12.3,-28.6,
5001400US2402,2402,"Congressional District 2 (114th Congress), Maryland",60.1,35.7,91,61839,12.3,17.6,29.1,0.427,11.5,24.4,
5001400US2403,2403,"Congressional District 3 (114th Congress), Maryland",62.8,32.3,91.6,79173,8.2,24.6,50.1,0.4498,8.8,30.5,
5001400US2404,2404,"Congressional District 4 (114th Congress), Maryland",77.2,19.7,86.7,75113,9,19,45.9,0.4107,8.1,57.5,
5001400US2405,2405,"Congressional District 5 (114th Congress), Maryland",64.1,32.1,92.4,91186,7.4,19.5,35,0.3872,7.4,32,
5001400US2406,2406,"Congressional District 6 (114th Congress), Maryland",55.3,40.2,90.9,73619,9.3,21.6,40.7,0.4603,11.6,15.1,
5001400US2407,2407,"Congressional District 7 (114th Congress), Maryland",75.8,20.2,91.6,56350,17.4,19.6,57.5,0.5079,14.2,55.6,
5001400US2408,2408,"Congressional District 8 (114th Congress), Maryland",65,30.6,91.2,96269,6.7,24.4,59,0.4599,6.7,34.4,
5001400US2501,2501,"Congressional District 1 (114th Congress), Massachusetts",57.2,36.5,96.4,52466,15.1,16.7,31.1,0.4628,14.9,20.7,
5001400US2502,2502,"Congressional District 2 (114th Congress), Massachusetts",56.2,36.8,96.8,63225,12.8,21.3,38.1,0.4532,11.4,19.4,
5001400US2503,2503,"Congressional District 3 (114th Congress), Massachusetts",58.2,35.4,96,69747,11.9,20.7,40.3,0.4689,11.2,22.8,
5001400US2504,2504,"Congressional District 4 (114th Congress), Massachusetts",59.2,35,97.5,87821,7.1,25.4,48.5,0.4859,7.5,24.2,
5001400US2505,2505,"Congressional District 5 (114th Congress), Massachusetts",69.3,25.7,96.8,82616,8.4,26.9,55.6,0.4859,9,43.6,
5001400US2506,2506,"Congressional District 6 (114th Congress), Massachusetts",56.1,38.2,97,79695,8,24.9,43.1,0.4556,10.2,17.9,
5001400US2507,2507,"Congressional District 7 (114th Congress), Massachusetts",84.1,11.9,94.7,53401,20.9,21.8,59.2,0.5233,13,72.2,
5001400US2508,2508,"Congressional District 8 (114th Congress), Massachusetts",60.4,34.4,97.1,76655,9.5,26.5,45.9,0.4667,9.8,26,
5001400US2509,2509,"Congressional District 9 (114th Congress), Massachusetts",52.5,41.8,95.9,62099,10.7,20.1,34.1,0.4625,12.1,10.7,
5001400US2601,2601,"Congressional District 1 (114th Congress), Michigan",36.6,57.9,89.2,43591,15.3,14.6,23.8,0.448,16.4,-21.3,
5001400US2602,2602,"Congressional District 2 (114th Congress), Michigan",38.2,55.8,91.1,49551,14.8,16.6,26.1,0.4287,12.6,-17.6,
5001400US2603,2603,"Congressional District 3 (114th Congress), Michigan",42.2,51.6,91.1,51780,15.6,19,31.4,0.4544,12.3,-9.4,
5001400US2604,2604,"Congressional District 4 (114th Congress), Michigan",34.7,59.5,89.9,44960,17.5,13,20.3,0.4467,16.3,-24.8,
5001400US2605,2605,"Congressional District 5 (114th Congress), Michigan",49.7,45.5,91,41545,20.4,11.9,19.5,0.4511,18.3,4.2,
5001400US2606,2606,"Congressional District 6 (114th Congress), Michigan",42.9,51.3,90,47498,16.9,16.1,26.7,0.4515,15.3,-8.4,
5001400US2607,2607,"Congressional District 7 (114th Congress), Michigan",38.7,55.7,91.5,52732,13,14.4,23.1,0.4254,12.8,-17,
5001400US2608,2608,"Congressional District 8 (114th Congress), Michigan",43.9,50.6,92.9,63541,12.4,22.9,38.5,0.4488,8.9,-6.7,
5001400US2609,2609,"Congressional District 9 (114th Congress), Michigan",51.5,43.7,90,51550,14.2,17.6,29,0.4612,13.5,7.8,
5001400US2610,2610,"Congressional District 10 (114th Congress), Michigan",31.6,63.8,91.4,57011,10.9,14.2,21.8,0.4188,12.1,-32.2,
5001400US2611,2611,"Congressional District 11 (114th Congress), Michigan",45.3,49.7,92.9,74873,7,26.6,43.1,0.4408,6.9,-4.4,
5001400US2612,2612,"Congressional District 12 (114th Congress), Michigan",60.8,34.5,91.4,52447,17.8,17.5,32.2,0.4629,10.5,26.3,
5001400US2613,2613,"Congressional District 13 (114th Congress), Michigan",78.8,18.1,85.2,31393,33,9.2,16.8,0.4843,19.6,60.7,
5001400US2614,2614,"Congressional District 14 (114th Congress), Michigan",79.2,18.3,87.1,41234,25.6,16.3,44.9,0.5269,17.9,60.9,
5001400US2701,2701,"Congressional District 1 (114th Congress), Minnesota",38.4,53.3,93.2,56192,11.8,17.9,27.4,0.4352,13.3,-14.9,
5001400US2702,2702,"Congressional District 2 (114th Congress), Minnesota",45.3,46.5,94,75564,7.4,26.2,38.6,0.4085,7.2,-1.2,
5001400US2703,2703,"Congressional District 3 (114th Congress), Minnesota",50.8,41.4,94.3,79517,6.5,31.3,48.9,0.4597,6.1,9.4,
5001400US2704,2704,"Congressional District 4 (114th Congress), Minnesota",61.5,30.6,92.3,62153,13.8,25.7,46.5,0.4584,9.7,30.9,
5001400US2705,2705,"Congressional District 5 (114th Congress), Minnesota",73.7,18.5,90.2,53964,17.7,27.7,51.8,0.486,9.2,55.2,
5001400US2706,2706,"Congressional District 6 (114th Congress), Minnesota",33.2,58.9,94.6,71558,8.1,20.4,28.7,0.3938,7.9,-25.7,
5001400US2707,2707,"Congressional District 7 (114th Congress), Minnesota",31,61.8,92.4,51591,12,15.3,21.8,0.4267,16.9,-30.8,
5001400US2708,2708,"Congressional District 8 (114th Congress), Minnesota",38.6,54.2,92.7,50464,13,15.1,22.6,0.4282,15.6,-15.6,
5001400US2801,2801,"Congressional District 1 (114th Congress), Mississippi",32.4,65.4,85.5,41858,18.8,12.3,21,0.4552,19.2,-33,
5001400US2802,2802,"Congressional District 2 (114th Congress), Mississippi",63.6,35.1,82.9,32064,30.2,11.4,24.2,0.4894,27.2,28.5,
5001400US2803,2803,"Congressional District 3 (114th Congress), Mississippi",36.8,61.3,86.1,41730,20.9,15.3,30.1,0.4936,22,-24.5,
5001400US2804,2804,"Congressional District 4 (114th Congress), Mississippi",28.2,69.4,82.2,42042,20.6,12.7,22.7,0.4636,18.8,-41.2,
5001400US2901,2901,"Congressional District 1 (114th Congress), Missouri",77,18.8,85.5,40514,21.6,17.1,40.7,0.4814,15.4,58.2,
5001400US2902,2902,"Congressional District 2 (114th Congress), Missouri",42.3,52.6,94,75308,5.9,28.5,47.3,0.4575,8.1,-10.3,
5001400US2903,2903,"Congressional District 3 (114th Congress), Missouri",28.1,67.1,90.1,55440,11.5,15.8,23.6,0.4126,12.8,-39,
5001400US2904,2904,"Congressional District 4 (114th Congress), Missouri",29.3,65.3,87.1,45124,17.7,14.9,24,0.4451,14.8,-36,
5001400US2905,2905,"Congressional District 5 (114th Congress), Missouri",54.1,40.6,85.2,44911,18.2,16.6,30,0.4575,16.4,13.5,
5001400US2906,2906,"Congressional District 6 (114th Congress), Missouri",31.7,63.1,89.2,53473,12.8,17.2,26.6,0.4363,14,-31.4,
5001400US2907,2907,"Congressional District 7 (114th Congress), Missouri",24.7,70.4,84.7,42002,17.5,15.3,23.8,0.4441,15.6,-45.7,
5001400US2908,2908,"Congressional District 8 (114th Congress), Missouri",21,75.4,86.3,38153,20.3,9.4,15.2,0.4504,20.7,-54.4,
5001400US3000,3000,"Congressional District (at Large) (114th Congress), Montana",35.9,56.5,84.5,47169,15.2,20,30.8,0.4539,13.9,-20.6,-6.09
5001400US3101,3101,"Congressional District 1 (114th Congress), Nebraska",36.2,57.5,90.3,53758,12.5,19.7,30.8,0.4294,11.2,-21.3,
5001400US3102,3102,"Congressional District 2 (114th Congress), Nebraska",46,48.2,89.7,58344,13,24.6,41.6,0.4541,11.5,-2.2,
5001400US3103,3103,"Congressional District 3 (114th Congress), Nebraska",20,74.9,89.2,48573,12.7,14.4,22,0.433,17.2,-54.9,
5001400US3201,3201,"Congressional District 1 (114th Congress), Nevada",61.6,32.6,73.6,38241,22.7,10.3,20.4,0.4574,15.1,29,
5001400US3202,3202,"Congressional District 2 (114th Congress), Nevada",39.7,52,83.6,53988,14.6,16.1,28.7,0.4495,10.7,-12.3,
5001400US3203,3203,"Congressional District 3 (114th Congress), Nevada",46.5,47.5,87,63360,9.4,20.8,33,0.4427,6.6,-1,
5001400US3204,3204,"Congressional District 4 (114th Congress), Nevada",49.5,44.6,82.1,53073,15.7,12.7,23.9,0.4215,9.1,4.9,
5001400US3301,3301,"Congressional District 1 (114th Congress), New Hampshire",46.6,48.2,90.4,67706,8.7,22.4,35.3,0.4376,8.4,-1.6,
5001400US3302,3302,"Congressional District 2 (114th Congress), New Hampshire",48.6,46.2,90.9,65822,9.1,21.2,34.2,0.4338,9.4,2.4,
5001400US3401,3401,"Congressional District 1 (114th Congress), New Jersey",60.6,36.1,90.3,64779,12,19.4,31.7,0.446,12.7,24.5,
5001400US3402,3402,"Congressional District 2 (114th Congress), New Jersey",46,50.6,88.8,58584,13.2,16.3,27.9,0.4482,15.3,-4.6,
5001400US3403,3403,"Congressional District 3 (114th Congress), New Jersey",45.2,51.4,92.7,73485,6.7,21.3,32.3,0.4299,10.2,-6.2,
5001400US3404,3404,"Congressional District 4 (114th Congress), New Jersey",41,55.8,91.6,76071,9.6,23.8,40,0.4645,11.8,-14.8,
5001400US3405,3405,"Congressional District 5 (114th Congress), New Jersey",47.7,48.8,91.9,92550,5.8,28.4,45.6,0.4612,8.2,-1.1,
5001400US3406,3406,"Congressional District 6 (114th Congress), New Jersey",56.2,40.6,87.5,75968,10.5,23.1,36.2,0.4457,10.2,15.6,
5001400US3407,3407,"Congressional District 7 (114th Congress), New Jersey",48.6,47.5,93.1,102551,4.7,29.1,52.1,0.4651,8,1.1,
5001400US3408,3408,"Congressional District 8 (114th Congress), New Jersey",75.7,21.5,77,54261,18.4,18.9,46,0.495,13.3,54.2,
5001400US3409,3409,"Congressional District 9 (114th Congress), New Jersey",64.3,33.1,82.7,60930,15.2,20.9,36.4,0.4908,18.5,31.2,
5001400US3410,3410,"Congressional District 10 (114th Congress), New Jersey",85.2,12.8,83,47148,19.5,17.4,42.2,0.5072,16.5,72.4,
5001400US3411,3411,"Congressional District 11 (114th Congress), New Jersey",47.9,48.8,93.5,100923,4.4,30.6,51.4,0.4508,8,-0.9,
5001400US3412,3412,"Congressional District 12 (114th Congress), New Jersey",65,31.8,88.8,79328,9.5,23.6,45.8,0.4633,10.5,33.2,
5001400US3501,3501,"Congressional District 1 (114th Congress), New Mexico",51.6,35.1,85.2,47001,19.8,17.3,45.7,0.4776,14.8,16.5,
5001400US3502,3502,"Congressional District 2 (114th Congress), New Mexico",39.9,50.1,83.4,40962,23,12.2,30,0.4674,19.8,-10.2,
5001400US3503,3503,"Congressional District 3 (114th Congress), New Mexico",51.8,36.7,82.1,47274,20.2,14.7,41.1,0.4778,23.3,15.1,
5001400US3601,3601,"Congressional District 1 (114th Congress), New York",42.2,54.5,92.2,87272,7.2,18.5,36.3,0.4308,11.7,-12.3,
5001400US3602,3602,"Congressional District 2 (114th Congress), New York",43.9,53,91.1,88543,6.3,17,32.2,0.3942,10.2,-9.1,
5001400US3603,3603,"Congressional District 3 (114th Congress), New York",51.6,45.5,94.2,101806,5.5,27.2,53.1,0.482,7.4,6.1,
5001400US3604,3604,"Congressional District 4 (114th Congress), New York",53.4,43.8,91.2,94770,7.3,22.1,46.6,0.4373,8.2,9.6,
5001400US3605,3605,"Congressional District 5 (114th Congress), New York",85.7,12.7,87.4,61312,13.8,15.7,33.2,0.4311,10.1,73,
5001400US3606,3606,"Congressional District 6 (114th Congress), New York",65.1,32.1,85.4,58575,13.9,22.2,40.3,0.4567,14,33,
5001400US3607,3607,"Congressional District 7 (114th Congress), New York",86.9,10.4,84.5,46584,27.2,18.8,58.9,0.5468,18.3,76.5,
5001400US3608,3608,"Congressional District 8 (114th Congress), New York",84.6,13.5,89.5,44700,24,17.9,48.3,0.5131,15.9,71.1,
5001400US3609,3609,"Congressional District 9 (114th Congress), New York",83.5,14.4,88.7,48507,19.8,20.5,59.1,0.5091,16.4,69.1,
5001400US3610,3610,"Congressional District 10 (114th Congress), New York",78.3,18.8,92.1,79425,16.8,30.3,68.3,0.5841,9.6,59.5,
5001400US3611,3611,"Congressional District 11 (114th Congress), New York",43.8,53.6,91.7,65480,14.1,19.8,35.4,0.4634,13.1,-9.8,
5001400US3612,3612,"Congressional District 12 (114th Congress), New York",83.3,13.5,91.7,91414,11.8,38.8,78.2,0.5643,7.3,69.8,
5001400US3613,3613,"Congressional District 13 (114th Congress), New York",92.3,5.4,85.7,36412,29.1,17.4,68.7,0.5212,18.8,86.9,
5001400US3614,3614,"Congressional District 14 (114th Congress), New York",77.7,19.8,80.5,51215,18.2,16.6,37.9,0.4449,14.6,57.9,
5001400US3615,3615,"Congressional District 15 (114th Congress), New York",93.8,4.9,84.7,25213,40,9.1,23.3,0.4972,21.4,88.9,
5001400US3616,3616,"Congressional District 16 (114th Congress), New York",75.1,22.5,90.2,64064,13.3,20.3,53.9,0.5484,14.5,52.6,
5001400US3617,3617,"Congressional District 17 (114th Congress), New York",58.6,38.4,90.4,89680,10.8,23.5,52.3,0.4906,10.5,20.2,
5001400US3618,3618,"Congressional District 18 (114th Congress), New York",47.1,49,92.3,78021,10.3,19.8,37.8,0.4663,9.4,-1.9,
5001400US3619,3619,"Congressional District 19 (114th Congress), New York",44,50.8,91.8,57566,12.4,14.7,27.9,0.4487,13.8,-6.8,
5001400US3620,3620,"Congressional District 20 (114th Congress), New York",54,40.5,94.1,60765,12.7,19.5,37.2,0.4451,12.1,13.5,
5001400US3621,3621,"Congressional District 21 (114th Congress), New York",40,53.9,91.8,51255,14.6,12.4,22.8,0.4295,14.3,-13.9,
5001400US3622,3622,"Congressional District 22 (114th Congress), New York",39.3,54.8,93,48499,16.1,13.5,23.9,0.4411,15.3,-15.5,
5001400US3623,3623,"Congressional District 23 (114th Congress), New York",39.7,54.5,91.5,47266,16.7,12.8,24.4,0.4493,15.9,-14.8,
5001400US3624,3624,"Congressional District 24 (114th Congress), New York",48.9,45.3,92.8,53034,15.2,16.6,30.4,0.4455,13.7,3.6,
5001400US3625,3625,"Congressional District 25 (114th Congress), New York",55.5,39.1,93.9,52046,15.5,20.1,40.8,0.4621,12.9,16.4,
5001400US3626,3626,"Congressional District 26 (114th Congress), New York",57.6,38,93.6,44159,19.2,16.2,32.3,0.4677,17.8,19.6,
5001400US3627,3627,"Congressional District 27 (114th Congress), New York",35.2,59.7,94.3,59941,9.3,16.1,29,0.4282,13.4,-24.5,
5001400US3701,3701,"Congressional District 1 (114th Congress), North Carolina",67.5,30.5,83.1,34139,26.8,12.3,27.2,0.4735,23.2,37,
5001400US3702,3702,"Congressional District 2 (114th Congress), North Carolina",43.6,53.2,86.6,51666,14.9,18.8,31.6,0.4522,12.9,-9.6,
5001400US3703,3703,"Congressional District 3 (114th Congress), North Carolina",36.9,60.5,85.7,45849,17,15,25.6,0.4436,11.6,-23.6,
5001400US3704,3704,"Congressional District 4 (114th Congress), North Carolina",68.2,28.2,85.5,49388,18.3,23.5,54.4,0.4827,8.3,40,
5001400US3705,3705,"Congressional District 5 (114th Congress), North Carolina",39.8,57.4,86.3,43971,18.2,17.1,28,0.473,16.7,-17.6,
5001400US3706,3706,"Congressional District 6 (114th Congress), North Carolina",41.4,56.1,88,48987,14.2,19,30.8,0.4669,14.8,-14.7,
5001400US3707,3707,"Congressional District 7 (114th Congress), North Carolina",39.9,57.6,84.4,45976,18.4,15.7,27.4,0.463,16.2,-17.7,
5001400US3708,3708,"Congressional District 8 (114th Congress), North Carolina",41.1,56.1,83.9,42016,20.1,12.3,19.8,0.4436,19.5,-15,
5001400US3709,3709,"Congressional District 9 (114th Congress), North Carolina",42.8,54.4,90.1,72786,8,32.5,51.3,0.4718,5.7,-11.6,
5001400US3710,3710,"Congressional District 10 (114th Congress), North Carolina",36.4,61,85.3,43032,17,15.3,25.4,0.4646,18.6,-24.6,
5001400US3711,3711,"Congressional District 11 (114th Congress), North Carolina",34,63.2,84.4,40815,17.8,14.3,23.4,0.449,20.3,-29.2,
5001400US3712,3712,"Congressional District 12 (114th Congress), North Carolina",68.4,28.4,79.8,37290,26,16.9,33.4,0.4649,18.3,40,
5001400US3713,3713,"Congressional District 13 (114th Congress), North Carolina",44,53.4,89.1,64945,10.5,25.8,43.6,0.445,9.2,-9.4,
5001400US3800,3800,"Congressional District (at Large) (114th Congress), North Dakota",27.7,64.1,90.9,57181,11.5,20.1,28.3,0.4577,13.8,-36.4,
5001400US3901,3901,"Congressional District 1 (114th Congress), Ohio",44.6,51.2,90.9,52272,16.9,20.3,35.4,0.4904,12.4,-6.6,
5001400US3902,3902,"Congressional District 2 (114th Congress), Ohio",39.7,55.8,90.2,51468,15,18.6,30.4,0.4778,14,-16.1,
5001400US3903,3903,"Congressional District 3 (114th Congress), Ohio",67,28.6,85.5,41628,23.6,17.8,31.3,0.4642,13.6,38.4,
5001400US3904,3904,"Congressional District 4 (114th Congress), Ohio",30.7,64.3,91.3,48397,14.5,10.4,16.7,0.4244,14.9,-33.6,
5001400US3905,3905,"Congressional District 5 (114th Congress), Ohio",34.6,59.7,92.5,52806,12.3,15,24.8,0.4332,13,-25.1,
5001400US3906,3906,"Congressional District 6 (114th Congress), Ohio",26.7,69.3,89.6,43423,16.8,9.7,15.4,0.4406,19,-42.6,
5001400US3907,3907,"Congressional District 7 (114th Congress), Ohio",32.8,62.5,88,49615,13.5,12.6,19.3,0.426,17.6,-29.7,
5001400US3908,3908,"Congressional District 8 (114th Congress), Ohio",30.6,65.1,91,51748,14.3,14.7,22.7,0.4353,13.4,-34.5,
5001400US3909,3909,"Congressional District 9 (114th Congress), Ohio",58.7,36.5,88.5,40471,21.6,13.7,23.8,0.4628,14.7,22.2,
5001400US3910,3910,"Congressional District 10 (114th Congress), Ohio",44,51.3,90.3,46703,17.6,16.1,29,0.4662,12.6,-7.3,
5001400US3911,3911,"Congressional District 11 (114th Congress), Ohio",80.5,17,88.6,34045,27.4,14.4,39.8,0.5436,21.6,63.5,
5001400US3912,3912,"Congressional District 12 (114th Congress), Ohio",41.9,53.2,92.6,65680,10.5,24.4,38.2,0.4569,9.3,-11.3,
5001400US3913,3913,"Congressional District 13 (114th Congress), Ohio",51.1,44.6,89.6,41744,18.9,14.1,22.1,0.4458,16.3,6.5,
5001400US3914,3914,"Congressional District 14 (114th Congress), Ohio",42.1,53.6,91.9,61614,8.9,20.5,32.8,0.4534,13.7,-11.5,
5001400US3915,3915,"Congressional District 15 (114th Congress), Ohio",39.9,55.3,91.6,56404,13.2,18.5,28.7,0.4433,12.9,-15.4,
5001400US3916,3916,"Congressional District 16 (114th Congress), Ohio",39.5,56.1,92.4,60887,7.9,20.5,31.3,0.4255,12.3,-16.6,
5001400US4001,4001,"Congressional District 1 (114th Congress), Oklahoma",32.7,61.4,83.8,50634,15,20,32.6,0.4733,12.2,-28.7,
5001400US4002,4002,"Congressional District 2 (114th Congress), Oklahoma",22.8,72.9,79.8,39407,20.6,11.2,17.4,0.4546,24,-50.1,
5001400US4003,4003,"Congressional District 3 (114th Congress), Oklahoma",20.9,73.6,85.3,47952,15,14.7,23.1,0.4516,17.5,-52.7,
5001400US4004,4004,"Congressional District 4 (114th Congress), Oklahoma",28.3,65.7,86,50985,14.3,15.6,24.7,0.4352,13.4,-37.4,
5001400US4005,4005,"Congressional District 5 (114th Congress), Oklahoma",39.8,53.2,81.8,46251,18.8,19.1,35.2,0.4941,14.1,-13.4,
5001400US4101,4101,"Congressional District 1 (114th Congress), Oregon",57.3,34.5,88.9,63770,12.6,24.1,39.9,0.4468,6.2,22.8,
5001400US4102,4102,"Congressional District 2 (114th Congress), Oregon",36.4,56.5,85.9,44314,17.8,14.9,25.3,0.4557,11.7,-20.1,
5001400US4103,4103,"Congressional District 3 (114th Congress), Oregon",70.7,22.5,87.5,54254,17.6,23.1,41.1,0.466,8.3,48.2,
5001400US4104,4104,"Congressional District 4 (114th Congress), Oregon",46.1,46,88,43138,20,15.4,25.5,0.4586,11.7,0.1,
5001400US4105,4105,"Congressional District 5 (114th Congress), Oregon",48.3,44.1,88.1,54112,14.6,18.4,31.1,0.4488,8.6,4.2,
5001400US4201,4201,"Congressional District 1 (114th Congress), Pennsylvania",79.5,18.2,86.1,41321,24.9,14.9,34.4,0.4981,16.3,61.3,
5001400US4202,4202,"Congressional District 2 (114th Congress), Pennsylvania",90.4,7.6,89,37038,28.2,17.2,66.4,0.582,19.3,82.8,
5001400US4203,4203,"Congressional District 3 (114th Congress), Pennsylvania",35,61.1,91.6,47669,14.1,15.7,24.4,0.4503,16.2,-26.1,
5001400US4204,4204,"Congressional District 4 (114th Congress), Pennsylvania",37.1,58.6,91.6,57680,11.1,16.1,26.3,0.4243,13.4,-21.5,
5001400US4205,4205,"Congressional District 5 (114th Congress), Pennsylvania",33.5,62.3,91.9,46621,15.4,13.8,22.4,0.4399,16.3,-28.8,
5001400US4206,4206,"Congressional District 6 (114th Congress), Pennsylvania",48.2,47.6,93.9,75159,7.4,25.4,41.5,0.4459,10.1,0.6,
5001400US4207,4207,"Congressional District 7 (114th Congress), Pennsylvania",49.3,47,92.9,80607,5.8,24.1,41.4,0.4541,10.7,2.3,
5001400US4208,4208,"Congressional District 8 (114th Congress), Pennsylvania",48,48.2,94.1,77839,5.8,22.8,37.3,0.4367,9.3,-0.2,
5001400US4209,4209,"Congressional District 9 (114th Congress), Pennsylvania",27.2,69.7,90.1,45632,15.3,11.3,17.6,0.4306,21.3,-42.5,
5001400US4210,4210,"Congressional District 10 (114th Congress), Pennsylvania",30.2,66.1,89.6,50354,12.9,12.8,20.3,0.426,18.1,-35.9,
5001400US4211,4211,"Congressional District 11 (114th Congress), Pennsylvania",36.2,60,91.8,51784,12.4,14.3,23.3,0.4315,18.8,-23.8,
5001400US4212,4212,"Congressional District 12 (114th Congress), Pennsylvania",37.9,58.7,94.3,56446,9.6,18.9,30.8,0.4639,15.7,-20.8,
5001400US4213,4213,"Congressional District 13 (114th Congress), Pennsylvania",65.3,31.7,89.2,56794,13.7,19.9,37.3,0.4707,13.1,33.6,
5001400US4214,4214,"Congressional District 14 (114th Congress), Pennsylvania",66,30.5,91.1,42044,18.9,17.8,32.9,0.4824,17.8,35.5,
5001400US4215,4215,"Congressional District 15 (114th Congress), Pennsylvania",44.2,51.8,91,58384,11.3,16.7,29.3,0.4413,13,-7.6,
5001400US4216,4216,"Congressional District 16 (114th Congress), Pennsylvania",44.2,51,88.1,54296,14.4,16.1,28.3,0.4363,16.1,-6.8,
5001400US4217,4217,"Congressional District 17 (114th Congress), Pennsylvania",43.3,53.4,90.8,48600,13.7,13.3,20.8,0.4353,17.1,-10.1,
5001400US4218,4218,"Congressional District 18 (114th Congress), Pennsylvania",38.5,58.1,94.4,60615,8.3,21.8,34.3,0.4505,14.4,-19.6,
5001400US4401,4401,"Congressional District 1 (114th Congress), Rhode Island",60.5,34.9,89.8,52517,16.1,18.5,35.4,0.4912,14.8,25.6,
5001400US4402,4402,"Congressional District 2 (114th Congress), Rhode Island",51.1,44,91.7,61793,12.4,19.6,34.3,0.4518,12.1,7.1,
5001400US4501,4501,"Congressional District 1 (114th Congress), South Carolina",40.4,53.5,86.9,59613,12.2,23.6,43.1,0.4554,8.9,-13.1,
5001400US4502,4502,"Congressional District 2 (114th Congress), South Carolina",38.6,56.3,88,53547,14.3,20.1,35.2,0.446,13.3,-17.7,
5001400US4503,4503,"Congressional District 3 (114th Congress), South Carolina",29,67,85.7,41362,19,12.7,22,0.4559,20.2,-38,
5001400US4504,4504,"Congressional District 4 (114th Congress), South Carolina",34.5,60.2,85.4,47843,16.3,18.9,34.2,0.468,15.9,-25.7,
5001400US4505,4505,"Congressional District 5 (114th Congress), South Carolina",38.8,57.3,86.6,44685,17.5,14.5,24.8,0.4599,18.8,-18.5,-3.23
5001400US4506,4506,"Congressional District 6 (114th Congress), South Carolina",66.8,30.3,82.5,34143,25.8,11.8,25.6,0.4768,22.9,36.5,
5001400US4507,4507,"Congressional District 7 (114th Congress), South Carolina",39.1,58,82.9,40063,21.2,13.3,24,0.4656,17.1,-18.9,
5001400US4600,4600,"Congressional District (at Large) (114th Congress), South Dakota",31.7,61.5,89,50957,14.1,19,28.5,0.4411,15,-29.8,
5001400US4701,4701,"Congressional District 1 (114th Congress), Tennessee",19.7,76.7,86,38263,19.3,11.7,18.8,0.4669,20.8,-57,
5001400US4702,4702,"Congressional District 2 (114th Congress), Tennessee",29.7,65.1,89.1,46952,16.1,17.8,29.6,0.4737,14.9,-35.4,
5001400US4703,4703,"Congressional District 3 (114th Congress), Tennessee",30.2,65.4,88.1,42612,18,13.5,22.1,0.4749,21.6,-35.2,
5001400US4704,4704,"Congressional District 4 (114th Congress), Tennessee",27.4,68.6,87.3,46823,16.2,14.4,21.7,0.4432,15.7,-41.2,
5001400US4705,4705,"Congressional District 5 (114th Congress), Tennessee",56.6,38.2,85.1,48155,17.9,22.1,40,0.4831,12.6,18.4,
5001400US4706,4706,"Congressional District 6 (114th Congress), Tennessee",23.7,72.6,88,46221,15.2,13.5,20.3,0.4568,18.3,-48.9,
5001400US4707,4707,"Congressional District 7 (114th Congress), Tennessee",28.2,67.5,88.9,50736,15.2,17.4,27.9,0.4886,15.7,-39.3,
5001400US4708,4708,"Congressional District 8 (114th Congress), Tennessee",30.7,66.3,89.8,52752,14.2,17.8,30.4,0.4898,16.6,-35.6,
5001400US4709,4709,"Congressional District 9 (114th Congress), Tennessee",77.5,19.8,82.4,37233,26.7,14.8,38.4,0.4804,22.8,57.7,
5001400US4801,4801,"Congressional District 1 (114th Congress), Texas",25.3,72.2,79.8,45131,18.6,13.6,24.2,0.4698,16.8,-46.9,
5001400US4802,4802,"Congressional District 2 (114th Congress), Texas",43.1,52.4,82.7,72729,11.3,25.1,48.6,0.468,7,-9.3,
5001400US4803,4803,"Congressional District 3 (114th Congress), Texas",40.6,54.8,87.2,85752,7.4,33.3,53.7,0.436,3.6,-14.2,
5001400US4804,4804,"Congressional District 4 (114th Congress), Texas",21.8,75.4,81.9,48391,16.3,13.1,21.8,0.4594,18.2,-53.6,
5001400US4805,4805,"Congressional District 5 (114th Congress), Texas",34.3,62.7,76.6,45811,18.6,12.8,23.3,0.4603,15.6,-28.4,
5001400US4806,4806,"Congressional District 6 (114th Congress), Texas",41.9,54.2,82.4,61110,13.2,20.2,33.1,0.4246,7.8,-12.3,
5001400US4807,4807,"Congressional District 7 (114th Congress), Texas",48.5,47.1,82.3,70257,12.8,28.8,60.5,0.5313,10.3,1.4,
5001400US4808,4808,"Congressional District 8 (114th Congress), Texas",23.9,72.7,83.1,61863,13.6,19,31.5,0.4768,9.5,-48.8,
5001400US4809,4809,"Congressional District 9 (114th Congress), Texas",79.3,18,71.2,42967,22.1,16.7,42.3,0.4515,13.1,61.3,
5001400US4810,4810,"Congressional District 10 (114th Congress), Texas",43.2,52.3,84.1,66188,11.9,24.5,43.4,0.464,10,-9.1,
5001400US4811,4811,"Congressional District 11 (114th Congress), Texas",19.1,77.8,79.1,51050,14.2,13.9,25.5,0.4804,15.9,-58.7,
5001400US4812,4812,"Congressional District 12 (114th Congress), Texas",32.7,62.9,83,60933,12.3,19.9,33.7,0.4524,9.1,-30.2,
5001400US4813,4813,"Congressional District 13 (114th Congress), Texas",16.9,79.9,81.6,48160,15.9,13.8,23.7,0.4533,15.5,-63,
5001400US4814,4814,"Congressional District 14 (114th Congress), Texas",38.4,58.2,81,53716,16,15.5,28.2,0.4701,17.4,-19.8,
5001400US4815,4815,"Congressional District 15 (114th Congress), Texas",56.7,40,69.4,40685,29.2,13.4,30.8,0.4837,18.6,16.7,
5001400US4816,4816,"Congressional District 16 (114th Congress), Texas",67.9,27.2,75.9,43234,20.9,15.9,39.3,0.462,18.7,40.7,
5001400US4817,4817,"Congressional District 17 (114th Congress), Texas",38.8,56.3,83.2,47333,20.1,18.6,34.4,0.4707,12.4,-17.5,
5001400US4818,4818,"Congressional District 18 (114th Congress), Texas",76.5,20,74.1,41435,24.6,13.1,44.9,0.4955,20,56.5,
5001400US4819,4819,"Congressional District 19 (114th Congress), Texas",23.5,72.5,80.7,45606,18.1,14,28.7,0.4686,15.5,-49,
5001400US4820,4820,"Congressional District 20 (114th Congress), Texas",61,34.3,80.3,47361,19.4,15.3,39.5,0.4396,15.2,26.7,
5001400US4821,4821,"Congressional District 21 (114th Congress), Texas",42.5,52.5,86,61733,12.1,28.5,49.4,0.4738,8,-10,
5001400US4822,4822,"Congressional District 22 (114th Congress), Texas",44.2,52.1,86,88466,7.9,27.2,45.4,0.4259,5,-7.9,
5001400US4823,4823,"Congressional District 23 (114th Congress), Texas",49.8,46.4,78.8,50003,19.4,13.7,40,0.4875,17.5,3.4,
5001400US4824,4824,"Congressional District 24 (114th Congress), Texas",44.5,50.7,82.2,65004,10.1,28.6,49.5,0.4753,4.4,-6.2,
5001400US4825,4825,"Congressional District 25 (114th Congress), Texas",40.2,55.1,85.7,61730,12.9,22.7,39,0.4884,8.5,-14.9,
5001400US4826,4826,"Congressional District 26 (114th Congress), Texas",34.4,60.9,87.2,79792,8,27.9,43.1,0.4164,4.6,-26.5,
5001400US4827,4827,"Congressional District 27 (114th Congress), Texas",36.5,60.1,80.7,49960,17,12.3,26.6,0.4568,16,-23.6,
5001400US4828,4828,"Congressional District 28 (114th Congress), Texas",19.7,38.5,72,44230,26.7,11.7,26.2,0.4612,20,-18.8,
5001400US4829,4829,"Congressional District 29 (114th Congress), Texas",29.7,25.4,65.7,38833,26.5,6.7,18.6,0.4265,22.6,4.3,
5001400US4830,4830,"Congressional District 30 (114th Congress), Texas",30.2,18.3,74.9,42146,24.2,13.3,36.8,0.471,22.4,11.9,
5001400US4831,4831,"Congressional District 31 (114th Congress), Texas",27.4,53.5,86.7,63625,10.7,22.4,38.1,0.4199,9.2,-26.1,
5001400US4832,4832,"Congressional District 32 (114th Congress), Texas",56.6,46.6,80.7,63573,13.9,26.7,54.5,0.5198,6.6,10,
5001400US4833,4833,"Congressional District 33 (114th Congress), Texas",23.7,23.7,64.7,35858,28.3,6.7,20.4,0.4243,22.1,0,
5001400US4834,4834,"Congressional District 34 (114th Congress), Texas",28.2,37.7,70.1,35196,31.5,10.4,26.5,0.4953,28.7,-9.5,
5001400US4835,4835,"Congressional District 35 (114th Congress), Texas",30.7,30.5,76,41317,24,12.9,33.1,0.438,16.1,0.2,
5001400US4836,4836,"Congressional District 36 (114th Congress), Texas",77.5,72,80.2,55067,14.4,12.5,20.2,0.4489,14,5.5,
5001400US4901,4901,"Congressional District 1 (114th Congress), Utah",25.3,49.7,88.9,61224,11,19.5,30.7,0.4168,7.3,-24.4,
5001400US4902,4902,"Congressional District 2 (114th Congress), Utah",43.1,46,84.1,54299,14.6,19.3,33.5,0.4488,7.8,-2.9,
5001400US4903,4903,"Congressional District 3 (114th Congress), Utah",40.6,47.2,88.2,64445,12.5,25.4,40.3,0.4418,5.3,-6.6,
5001400US4904,4904,"Congressional District 4 (114th Congress), Utah",21.8,39.1,85.9,62860,11.1,19.3,30.2,0.3901,6.6,-17.3,
5001400US5000,5000,"Congressional District (at Large) (114th Congress), Vermont",67.9,30.3,94.2,55176,11.5,21.7,35.9,0.4403,13,37.6,
5001400US5101,5101,"Congressional District 1 (114th Congress), Virginia",34.3,53.6,90.5,77951,7.7,20.9,38.2,0.4128,8.7,-19.3,
5001400US5102,5102,"Congressional District 2 (114th Congress), Virginia",41.9,48.8,88.6,61380,10.1,20.1,34.6,0.4251,8.1,-6.9,
5001400US5103,5103,"Congressional District 3 (114th Congress), Virginia",48.5,31.9,84.6,41017,22.7,14.5,34.2,0.463,16.1,16.6,
5001400US5104,5104,"Congressional District 4 (114th Congress), Virginia",23.9,37.1,89.7,62372,11.2,16.3,27.7,0.4128,12.1,-13.2,
5001400US5105,5105,"Congressional District 5 (114th Congress), Virginia",79.3,53.4,88.2,48713,15.3,14.9,29.6,0.4714,19.6,25.9,
5001400US5106,5106,"Congressional District 6 (114th Congress), Virginia",43.2,59.7,88.1,48924,15.4,16.5,27.7,0.447,18,-16.5,
5001400US5107,5107,"Congressional District 7 (114th Congress), Virginia",19.1,50.5,90.8,72572,7.5,24.6,42.5,0.4311,8.9,-31.4,
5001400US5108,5108,"Congressional District 8 (114th Congress), Virginia",32.7,20.9,87.1,98851,8,29.9,75.5,0.4354,5.5,11.8,
5001400US5109,5109,"Congressional District 9 (114th Congress), Virginia",16.9,68.8,88.1,39759,19,11.8,19.2,0.468,22.5,-51.9,
5001400US5110,5110,"Congressional District 10 (114th Congress), Virginia",38.4,42.2,90.9,114566,5.2,30.2,56.4,0.4263,5.2,-3.8,
5001400US5111,5111,"Congressional District 11 (114th Congress), Virginia",56.7,27.5,88,104292,6.5,29.3,64.4,0.3945,3.7,29.2,
5001400US5301,5301,"Congressional District 1 (114th Congress), Washington",38.8,37.8,91.2,82358,8.5,26.2,39.6,0.4415,6,1,
5001400US5302,5302,"Congressional District 2 (114th Congress), Washington",76.5,34.8,88.3,59665,13.1,20,30.7,0.4264,7.6,41.7,
5001400US5303,5303,"Congressional District 3 (114th Congress), Washington",23.5,49.9,88.7,54685,13.2,15.1,23.8,0.4275,10,-26.4,
5001400US5304,5304,"Congressional District 4 (114th Congress), Washington",61,57.9,82.3,50313,18.3,12.6,25.7,0.4315,14.9,3.1,
5001400US5305,5305,"Congressional District 5 (114th Congress), Washington",42.5,52.2,89.1,47491,17.3,17.4,28.6,0.451,11,-9.7,
5001400US5306,5306,"Congressional District 6 (114th Congress), Washington",44.2,39.5,88.6,55608,13.2,17.6,29.7,0.4451,9.4,4.7,
5001400US5307,5307,"Congressional District 7 (114th Congress), Washington",49.8,12.2,91.5,71615,11.8,34,60.8,0.4757,5.9,37.6,
5001400US5308,5308,"Congressional District 8 (114th Congress), Washington",44.5,44.7,89.8,73749,10.3,21.4,32.4,0.4223,6.5,-0.2,
5001400US5309,5309,"Congressional District 9 (114th Congress), Washington",40.2,23.3,87.3,66344,13.7,24.8,45.9,0.4767,6.6,16.9,
5001400US5310,5310,"Congressional District 10 (114th Congress), Washington",34.4,39.9,88.7,57542,13.5,16.9,28.1,0.41,9,-5.5,
5001400US5401,5401,"Congressional District 1 (114th Congress), West Virginia",26.4,68,89,42057,17.5,13,20.9,0.4623,19.1,-41.6,
5001400US5402,5402,"Congressional District 2 (114th Congress), West Virginia",29.4,65.8,88.8,46254,15.5,12.8,20.8,0.4562,18.8,-36.4,
5001400US5403,5403,"Congressional District 3 (114th Congress), West Virginia",23.3,72.5,87.8,36902,21.1,9.4,15.2,0.4643,23.3,-49.2,
5001400US5501,5501,"Congressional District 1 (114th Congress), Wisconsin",36.5,52.6,92.2,59528,11.2,17.8,28.3,0.4236,11.2,-16.1,
5001400US5502,5502,"Congressional District 2 (114th Congress), Wisconsin",58.3,29,93.2,59229,12.9,23.8,40.2,0.4428,9.6,29.3,
5001400US5503,5503,"Congressional District 3 (114th Congress), Wisconsin",44.8,49.3,91.6,49851,14.2,15.6,23.9,0.4265,16,-4.5,
5001400US5504,5504,"Congressional District 4 (114th Congress), Wisconsin",74,21.8,87.7,39329,25.7,17.2,39.3,0.4828,18.2,52.2,
5001400US5505,5505,"Congressional District 5 (114th Congress), Wisconsin",37.3,57.4,94.6,64701,7.8,23.8,35.4,0.4333,11.8,-20.1,
5001400US5506,5506,"Congressional District 6 (114th Congress), Wisconsin",38.8,55.7,93.5,54218,9.8,17.1,25.4,0.4364,14.1,-16.9,
5001400US5507,5507,"Congressional District 7 (114th Congress), Wisconsin",37.3,57.8,91.1,49512,11.7,14.5,21.8,0.429,15.7,-20.5,
5001400US5508,5508,"Congressional District 8 (114th Congress), Wisconsin",38.6,56.2,92.9,54446,10.4,17.4,25.1,0.4196,12.7,-17.6,
5001400US5600,5600,"Congressional District (at Large) (114th Congress), Wyoming",22.5,70.1,86.6,58840,11.5,17.1,27.2,0.4218,10.2,-47.6,
5001400US7298,7298,"Resident Commissioner District (at Large) (114th Congress), Puerto Rico",,,93.4,19350,45.5,17.4,36.4,0.5432,40.9,0,
